
-- MySQL dump 10.13  Distrib 5.5.16, for osx10.5 (i386)
--
-- Host: 127.0.0.1    Database: opensig
-- ------------------------------------------------------
-- Server version	5.5.17

/*!40101 SET @OLD_CHARACTER_SET_CLIENT=@@CHARACTER_SET_CLIENT */;
/*!40101 SET @OLD_CHARACTER_SET_RESULTS=@@CHARACTER_SET_RESULTS */;
/*!40101 SET @OLD_COLLATION_CONNECTION=@@COLLATION_CONNECTION */;
/*!40101 SET NAMES utf8 */;
/*!40103 SET @OLD_TIME_ZONE=@@TIME_ZONE */;
/*!40103 SET TIME_ZONE='+00:00' */;
/*!40014 SET @OLD_UNIQUE_CHECKS=@@UNIQUE_CHECKS, UNIQUE_CHECKS=0 */;
/*!40014 SET @OLD_FOREIGN_KEY_CHECKS=@@FOREIGN_KEY_CHECKS, FOREIGN_KEY_CHECKS=0 */;
/*!40101 SET @OLD_SQL_MODE=@@SQL_MODE, SQL_MODE='NO_AUTO_VALUE_ON_ZERO' */;
/*!40111 SET @OLD_SQL_NOTES=@@SQL_NOTES, SQL_NOTES=0 */;

--
-- Table structure for table `sis_modulo`
--

DROP TABLE IF EXISTS `sis_modulo`;
/*!40101 SET @saved_cs_client     = @@character_set_client */;
/*!40101 SET character_set_client = utf8 */;
CREATE TABLE `sis_modulo` (
  `sis_modulo_id` int(11) NOT NULL AUTO_INCREMENT,
  `sis_modulo_classe` varchar(255) NOT NULL,
  `sis_modulo_ordem` int(11) NOT NULL,
  `sis_modulo_ativo` tinyint(1) NOT NULL,
  PRIMARY KEY (`sis_modulo_id`),
  UNIQUE KEY `UNIQUE` (`sis_modulo_classe`,`sis_modulo_ordem`) USING BTREE,
  KEY `SERACH_1` (`sis_modulo_ativo`) USING BTREE
) ENGINE=InnoDB AUTO_INCREMENT=8 DEFAULT CHARSET=latin1;
/*!40101 SET character_set_client = @saved_cs_client */;

--
-- Dumping data for table `sis_modulo`
--

LOCK TABLES `sis_modulo` WRITE;
/*!40000 ALTER TABLE `sis_modulo` DISABLE KEYS */;
INSERT INTO `sis_modulo` VALUES (0,'',0,1),(1,'br.com.opensig.permissao.client.OpenSigPermissao',99,1),(2,'br.com.opensig.core.client.OpenSigCore',100,1),(3,'br.com.opensig.empresa.client.OpenSigEmpresa',1,1),(4,'br.com.opensig.produto.client.OpenSigProduto',2,1),(5,'br.com.opensig.comercial.client.OpenSigComercial',3,1),(6,'br.com.opensig.fiscal.client.OpenSigFiscal',4,1),(7,'br.com.opensig.financeiro.client.OpenSigFinanceiro',5,1);
/*!40000 ALTER TABLE `sis_modulo` ENABLE KEYS */;
UNLOCK TABLES;

--
-- Table structure for table `sis_exp_imp`
--

DROP TABLE IF EXISTS `sis_exp_imp`;
/*!40101 SET @saved_cs_client     = @@character_set_client */;
/*!40101 SET character_set_client = utf8 */;
CREATE TABLE `sis_exp_imp` (
  `sis_exp_imp_id` int(11) NOT NULL AUTO_INCREMENT,
  `sis_exp_imp_nome` varchar(10) NOT NULL,
  `sis_exp_imp_extensoes` varchar(100) NOT NULL,
  `sis_exp_imp_descricao` varchar(100) NOT NULL,
  `sis_exp_imp_imagem` varchar(20) NOT NULL,
  `sis_exp_imp_classe` varchar(255) NOT NULL,
  `sis_exp_imp_funcao` varchar(255) NOT NULL,
  `sis_exp_imp_tipo` varchar(1) NOT NULL,
  `sis_exp_imp_modelo` text NOT NULL,
  PRIMARY KEY (`sis_exp_imp_id`)
) ENGINE=InnoDB AUTO_INCREMENT=9 DEFAULT CHARSET=latin1;
/*!40101 SET character_set_client = @saved_cs_client */;

--
-- Dumping data for table `sis_exp_imp`
--

LOCK TABLES `sis_exp_imp` WRITE;
/*!40000 ALTER TABLE `sis_exp_imp` DISABLE KEYS */;
INSERT INTO `sis_exp_imp` VALUES (1,'NFe','xml','Importação da compra diretamente pelo NFe emitida.','nfe.png','br.com.opensig.comercial.server.acao.ImportarNfe','br.com.opensig.comercial.client.controlador.comando.ComandoCompra','I',''),(2,'NFe','xml zip','Importação da NFe emitidas em qualquer status.','xml.png','br.com.opensig.fiscal.server.acao.RecuperarSaida','br.com.opensig.fiscal.client.controlador.comando.ComandoSaida','I',''),(3,'NFe','xml zip','Importação da NFe recebidas em qualquer status.','xml.png','br.com.opensig.fiscal.server.acao.RecuperarEntrada','br.com.opensig.fiscal.client.controlador.comando.ComandoEntrada','I',''),(4,'CAT-52','','Importação do padrão cat52 que é utilizado pelas ECF','txt.png','br.com.opensig.comercial.server.acao.ImportarCat52','br.com.opensig.comercial.client.controlador.comando.ComandoEcfVenda','I','<beanio xmlns=\"http://www.beanio.org/2011/01\" xmlns:xsi=\"http://www.w3.org/2001/XMLSchema-instance\" xsi:schemaLocation=\"http://www.beanio.org/2011/01 http://www.beanio.org/2011/01/mapping.xsd\">\n\n	<stream name=\"cat52\" format=\"fixedlength\">\n		<record name=\"ecf\" minOccurs=\"1\" maxOccurs=\"1\" class=\"br.com.opensig.comercial.shared.modelo.ComEcf\">\n			<field name=\"tipo\" rid=\"true\" literal=\"E01\" length=\"3\" ignore=\"true\" />\n			<field name=\"comEcfSerie\" length=\"20\" minOccurs=\"1\" maxOccurs=\"1\" />\n			<field name=\"f1\" length=\"28\" ignore=\"true\" />\n			<field name=\"comEcfModelo\" length=\"20\" minOccurs=\"1\" maxOccurs=\"1\" />\n			<field name=\"f4\" length=\"24\" ignore=\"true\" />\n			<field name=\"comEcfCaixa\" length=\"3\" type=\"int\" minOccurs=\"1\" maxOccurs=\"1\" />\n			<field name=\"f6\" length=\"68\" ignore=\"true\" />\n		</record>\n		<record name=\"z\" minOccurs=\"1\" maxOccurs=\"1\" class=\"br.com.opensig.comercial.shared.modelo.ComEcfZ\">\n			<field name=\"tipo\" rid=\"true\" literal=\"E02\" length=\"3\" ignore=\"true\" />\n			<field name=\"f1\" length=\"249\" ignore=\"true\" />\n			<field name=\"comEcfZTotal\" length=\"18\" type=\"double\" minOccurs=\"1\" maxOccurs=\"1\" />\n			<field name=\"f2\" length=\"2\" ignore=\"true\" />\n		</record>\n		<record name=\"z2\" minOccurs=\"1\" maxOccurs=\"1\" class=\"br.com.opensig.comercial.shared.modelo.ComEcfZ\">\n			<field name=\"tipo\" rid=\"true\" literal=\"E12\" length=\"3\" ignore=\"true\" />\n			<field name=\"f1\" length=\"43\" ignore=\"true\" />\n			<field name=\"comEcfZCrz\" length=\"6\" type=\"int\" minOccurs=\"1\" maxOccurs=\"1\" />\n			<field name=\"comEcfZCoo\" length=\"6\" type=\"int\" minOccurs=\"1\" maxOccurs=\"1\" />\n			<field name=\"comEcfZCro\" length=\"6\" type=\"int\" minOccurs=\"1\" maxOccurs=\"1\" />\n			<field name=\"comEcfZData\" length=\"8\" type=\"datetime\" minOccurs=\"1\" maxOccurs=\"1\" format=\"yyyyMMdd\" />\n			<field name=\"f2\" length=\"14\" ignore=\"true\" />\n			<field name=\"comEcfZBruto\" length=\"14\" type=\"double\" minOccurs=\"1\" maxOccurs=\"1\" />\n			<field name=\"f3\" length=\"1\" ignore=\"true\" />\n		</record>\n		<record name=\"zt\" minOccurs=\"0\" maxOccurs=\"unbounded\" class=\"br.com.opensig.comercial.shared.modelo.ComEcfZTotais\">\n			<field name=\"tipo\" rid=\"true\" literal=\"E13\" length=\"3\" ignore=\"true\" />\n			<field name=\"f1\" length=\"49\" ignore=\"true\" />\n			<field name=\"comEcfZTotaisCodigo\" length=\"7\" minOccurs=\"1\" maxOccurs=\"1\" trim=\"true\" />\n			<field name=\"comEcfZTotaisValor\" length=\"13\" type=\"double\" minOccurs=\"1\" maxOccurs=\"1\" />\n		</record>\n		<record name=\"venda\" minOccurs=\"0\" maxOccurs=\"unbounded\" class=\"br.com.opensig.comercial.shared.modelo.ComEcfVenda\">\n			<field name=\"tipo\" rid=\"true\" literal=\"E14\" length=\"3\" ignore=\"true\" />\n			<field name=\"f1\" length=\"49\" ignore=\"true\" />\n			<field name=\"comEcfVendaCoo\" length=\"6\" type=\"int\" minOccurs=\"1\" maxOccurs=\"1\" />\n			<field name=\"comEcfVendaData\" length=\"8\" type=\"date\" minOccurs=\"1\" maxOccurs=\"1\" format=\"yyyyMMdd\" />\n			<field name=\"comEcfVendaBruto\" length=\"14\" type=\"double\" minOccurs=\"1\" maxOccurs=\"1\" />\n                            <field name=\"comEcfVendaDesconto\" length=\"13\" type=\"double\" minOccurs=\"1\" maxOccurs=\"1\" />\n			<field name=\"f2\" length=\"15\" ignore=\"true\" />\n			<field name=\"comEcfVendaLiquido\" length=\"14\" type=\"double\" minOccurs=\"1\" maxOccurs=\"1\" />\n			<field name=\"cancelada\" length=\"1\"  minOccurs=\"1\" maxOccurs=\"1\" />\n			<field name=\"f2\" length=\"14\" ignore=\"true\" />\n			<field name=\"comEcfVendaNome\" length=\"40\" minOccurs=\"1\" maxOccurs=\"1\" />\n			<field name=\"comEcfVendaCpf\" length=\"14\" minOccurs=\"1\" maxOccurs=\"1\" />\n		</record>\n		<record name=\"produto\" minOccurs=\"0\" maxOccurs=\"unbounded\" class=\"br.com.opensig.comercial.shared.modelo.ComEcfVendaProduto\">\n			<field name=\"tipo\" rid=\"true\" literal=\"E15\" length=\"3\" ignore=\"true\" />\n			<field name=\"f1\" length=\"43\" ignore=\"true\" />\n			<field name=\"comEcfVendaProdutoCoo\" length=\"6\" type=\"int\" minOccurs=\"1\" maxOccurs=\"1\" />\n			<field name=\"f2\" length=\"6\" ignore=\"true\" />\n			<field name=\"comEcfVendaProdutoOrdem\" length=\"3\" type=\"int\" minOccurs=\"1\" maxOccurs=\"1\" />\n			<field name=\"comEcfVendaProdutoCodigo\" length=\"14\" minOccurs=\"1\" maxOccurs=\"1\" trim=\"true\" />\n			<field name=\"comEcfVendaProdutoDescricao\" length=\"100\" minOccurs=\"1\" maxOccurs=\"1\" trim=\"true\" />\n			<field name=\"comEcfVendaProdutoQuantidade\" length=\"7\" type=\"double\" minOccurs=\"1\" maxOccurs=\"1\" />\n			<field name=\"comEcfVendaProdutoUnd\" length=\"3\" minOccurs=\"1\" maxOccurs=\"1\" trim=\"true\"/>\n			<field name=\"comEcfVendaProdutoBruto\" length=\"8\" type=\"double\" minOccurs=\"1\" maxOccurs=\"1\" />\n			<field name=\"comEcfVendaProdutoDesconto\" length=\"8\" type=\"double\" minOccurs=\"1\" maxOccurs=\"1\" />\n			<field name=\"f3\" length=\"8\" ignore=\"true\" />\n			<field name=\"comEcfVendaProdutoTotal\" length=\"14\" type=\"double\" minOccurs=\"1\" maxOccurs=\"1\" />\n			<field name=\"f4\" length=\"7\" ignore=\"true\" />\n			<field name=\"cancelado\" length=\"1\" minOccurs=\"1\" maxOccurs=\"1\" />\n			<field name=\"f5\" length=\"36\" ignore=\"true\" />\n		</record>\n	</stream>\n</beanio>'),(5,'EFD','ZIP','Exportação do arquivo sped gerado','zip.png','br.com.opensig.fiscal.server.acao.ExportarSped','br.com.opensig.fiscal.client.controlador.comando.ComandoSpedFiscal','E',''),(6,'Recibo','REC','Exportação do arquivo de recibo do sped gerado.','txt.png','br.com.opensig.fiscal.server.acao.ExportarSped','br.com.opensig.fiscal.client.controlador.comando.ComandoSpedFiscal','E',''),(7,'EFD','ZIP','Importação do arquivo sped assinado e transmitido para SEFAZ.','zip.png','br.com.opensig.fiscal.server.acao.ImportarSped','br.com.opensig.fiscal.client.controlador.comando.ComandoSpedFiscal','I',''),(8,'Recibo','REC','Importação do arquivo de recibo do sped assinado e transmitido para SEFAZ.','txt.png','br.com.opensig.fiscal.server.acao.ImportarSped','br.com.opensig.fiscal.client.controlador.comando.ComandoSpedFiscal','I','');
/*!40000 ALTER TABLE `sis_exp_imp` ENABLE KEYS */;
UNLOCK TABLES;

--
-- Table structure for table `sis_acao`
--

DROP TABLE IF EXISTS `sis_acao`;
/*!40101 SET @saved_cs_client     = @@character_set_client */;
/*!40101 SET character_set_client = utf8 */;
CREATE TABLE `sis_acao` (
  `sis_acao_id` int(11) NOT NULL AUTO_INCREMENT,
  `sis_funcao_id` int(11) NOT NULL,
  `sis_acao_classe` varchar(255) NOT NULL,
  `sis_acao_ordem` int(11) NOT NULL,
  `sis_acao_subordem` int(11) NOT NULL,
  `sis_acao_ativo` tinyint(1) NOT NULL,
  `sis_acao_visivel` tinyint(1) NOT NULL,
  PRIMARY KEY (`sis_acao_id`),
  UNIQUE KEY `UNIQUE` (`sis_funcao_id`,`sis_acao_classe`,`sis_acao_ordem`) USING BTREE,
  KEY `FK_sis_acao_2` (`sis_acao_ordem`,`sis_acao_subordem`) USING BTREE,
  KEY `FK_sis_acao_3` (`sis_acao_ativo`) USING BTREE,
  KEY `FK_sis_acao_1` (`sis_funcao_id`) USING BTREE,
  CONSTRAINT `FK_sis_acao_1` FOREIGN KEY (`sis_funcao_id`) REFERENCES `sis_funcao` (`sis_funcao_id`) ON DELETE NO ACTION ON UPDATE NO ACTION
) ENGINE=InnoDB AUTO_INCREMENT=83 DEFAULT CHARSET=latin1;
/*!40101 SET character_set_client = @saved_cs_client */;

--
-- Dumping data for table `sis_acao`
--

LOCK TABLES `sis_acao` WRITE;
/*!40000 ALTER TABLE `sis_acao` DISABLE KEYS */;
INSERT INTO `sis_acao` VALUES (0,0,'br.com.opensig.core.client.controlador.comando.lista.ComandoVisualizar',0,0,1,0),(1,0,'br.com.opensig.core.client.controlador.comando.lista.ComandoNovo',1,1,1,1),(2,0,'br.com.opensig.core.client.controlador.comando.lista.ComandoEditar',2,1,1,1),(3,0,'br.com.opensig.core.client.controlador.comando.lista.ComandoExcluir',3,1,1,1),(4,0,'br.com.opensig.core.client.controlador.comando.lista.ComandoNovoDuplicar',1,2,1,1),(5,0,'Separador',5,0,1,1),(6,0,'br.com.opensig.core.client.controlador.comando.lista.ComandoImprimir',6,0,1,1),(7,0,'br.com.opensig.core.client.controlador.comando.lista.ComandoExportar',7,0,1,1),(8,0,'br.com.opensig.core.client.controlador.comando.lista.ComandoImportar',8,0,1,1),(9,0,'Separador',9,0,1,1),(10,0,'br.com.opensig.permissao.client.controlador.comando.ComandoFavoritoImpl',10,0,1,1),(11,0,'br.com.opensig.core.client.controlador.comando.lista.ComandoPermiteUsuario',11,0,1,0),(12,0,'br.com.opensig.core.client.controlador.comando.lista.ComandoPermiteEmpresa',12,0,1,0),(13,21,'br.com.opensig.comercial.client.controlador.comando.acao.ComandoReceber',12,0,1,1),(14,20,'br.com.opensig.comercial.client.controlador.comando.acao.ComandoPagar',12,0,1,1),(15,25,'br.com.opensig.comercial.client.controlador.comando.acao.ComandoPagarFrete',12,0,1,1),(31,46,'br.com.opensig.financeiro.client.controlador.comando.boleto.ComandoGerar',13,1,1,1),(32,46,'br.com.opensig.financeiro.client.controlador.comando.boleto.ComandoGerarImprimir',13,2,1,1),(33,46,'br.com.opensig.financeiro.client.controlador.comando.boleto.ComandoGerarPdf',13,3,1,1),(34,46,'br.com.opensig.financeiro.client.controlador.comando.boleto.ComandoGerarHtml',13,4,1,1),(35,46,'br.com.opensig.financeiro.client.controlador.comando.boleto.ComandoRecibo',14,1,1,1),(36,46,'br.com.opensig.financeiro.client.controlador.comando.boleto.ComandoReciboImprimir',14,2,1,1),(37,46,'br.com.opensig.financeiro.client.controlador.comando.boleto.ComandoReciboPdf',14,3,1,1),(38,46,'br.com.opensig.financeiro.client.controlador.comando.boleto.ComandoReciboHtml',14,4,1,1),(42,30,'br.com.opensig.financeiro.client.controlador.comando.financeiro.ComandoQuitarPagamento',11,0,1,1),(47,21,'br.com.opensig.comercial.client.controlador.comando.acao.ComandoFecharVenda',11,0,1,1),(48,20,'br.com.opensig.comercial.client.controlador.comando.acao.ComandoFecharCompra',11,0,1,1),(49,25,'br.com.opensig.comercial.client.controlador.comando.acao.ComandoFecharFrete',11,0,1,1),(50,0,'br.com.opensig.core.client.controlador.comando.lista.ComandoExcluirFiltrados',3,2,1,1),(51,0,'br.com.opensig.core.client.controlador.comando.lista.ComandoEditarFiltrados',2,2,1,1),(52,30,'br.com.opensig.financeiro.client.controlador.comando.financeiro.ComandoEstornarPagamento',12,0,1,1),(55,46,'br.com.opensig.financeiro.client.controlador.comando.financeiro.ComandoQuitarRecebimento',11,0,1,1),(58,46,'br.com.opensig.financeiro.client.controlador.comando.financeiro.ComandoEstornarRecebimento',12,0,1,1),(61,21,'br.com.opensig.comercial.client.controlador.comando.acao.ComandoGerarNfe',13,0,1,1),(75,1,'br.com.opensig.permissao.client.controlador.comando.ComandoPermiteWS',15,0,1,0),(76,49,'br.com.opensig.fiscal.client.controlador.comando.acao.ComandoBackupSaida',15,0,1,1),(77,50,'br.com.opensig.fiscal.client.controlador.comando.acao.ComandoBackupEntrada',15,0,1,1),(78,49,'br.com.opensig.fiscal.client.controlador.comando.acao.ComandoInutilizar',1,0,1,1),(79,50,'br.com.opensig.fiscal.client.controlador.comando.acao.ComandoValidar',1,0,1,1),(80,67,'br.com.opensig.comercial.client.controlador.comando.acao.ComandoFecharEcfVenda',11,0,1,1),(81,76,'br.com.opensig.fiscal.client.controlador.comando.acao.ComandoIcmsIpi',1,0,1,1),(82,76,'br.com.opensig.fiscal.client.controlador.comando.acao.ComandoPisCofins',2,0,1,1);
/*!40000 ALTER TABLE `sis_acao` ENABLE KEYS */;
UNLOCK TABLES;

--
-- Table structure for table `sis_funcao`
--

DROP TABLE IF EXISTS `sis_funcao`;
/*!40101 SET @saved_cs_client     = @@character_set_client */;
/*!40101 SET character_set_client = utf8 */;
CREATE TABLE `sis_funcao` (
  `sis_funcao_id` int(11) NOT NULL AUTO_INCREMENT,
  `sis_modulo_id` int(11) NOT NULL,
  `sis_funcao_classe` varchar(255) NOT NULL,
  `sis_funcao_ordem` int(11) NOT NULL,
  `sis_funcao_subordem` int(11) NOT NULL,
  `sis_funcao_ativo` tinyint(1) NOT NULL,
  PRIMARY KEY (`sis_funcao_id`),
  UNIQUE KEY `UNIQUE` (`sis_modulo_id`,`sis_funcao_classe`,`sis_funcao_ordem`) USING BTREE,
  KEY `SEARCH_1` (`sis_funcao_ordem`,`sis_funcao_subordem`) USING BTREE,
  KEY `SEARCH_2` (`sis_funcao_ativo`) USING BTREE,
  KEY `FK_sis_funcao_1` (`sis_modulo_id`) USING BTREE,
  CONSTRAINT `FK_sis_funcao_1` FOREIGN KEY (`sis_modulo_id`) REFERENCES `sis_modulo` (`sis_modulo_id`) ON DELETE NO ACTION ON UPDATE NO ACTION
) ENGINE=InnoDB AUTO_INCREMENT=77 DEFAULT CHARSET=latin1;
/*!40101 SET character_set_client = @saved_cs_client */;

--
-- Dumping data for table `sis_funcao`
--

LOCK TABLES `sis_funcao` WRITE;
/*!40000 ALTER TABLE `sis_funcao` DISABLE KEYS */;
INSERT INTO `sis_funcao` VALUES (0,0,'',0,0,1),(1,1,'br.com.opensig.permissao.client.controlador.comando.ComandoUsuario',1,0,1),(2,1,'br.com.opensig.permissao.client.controlador.comando.ComandoGrupo',2,0,1),(3,1,'br.com.opensig.permissao.client.controlador.comando.ComandoAcesso',3,0,1),(4,3,'br.com.opensig.empresa.client.controlador.comando.ComandoMunicipio',12,0,1),(5,3,'br.com.opensig.empresa.client.controlador.comando.ComandoEstado',11,0,1),(6,3,'br.com.opensig.empresa.client.controlador.comando.ComandoPais',10,0,1),(7,3,'br.com.opensig.empresa.client.controlador.comando.ComandoEnderecoTipo',8,0,1),(8,3,'br.com.opensig.empresa.client.controlador.comando.ComandoContatoTipo',7,0,1),(9,3,'br.com.opensig.empresa.client.controlador.comando.ComandoFornecedor',4,0,1),(10,3,'br.com.opensig.empresa.client.controlador.comando.ComandoCliente',3,0,1),(11,3,'Separador',6,0,1),(12,4,'br.com.opensig.produto.client.controlador.comando.ComandoProduto',1,0,1),(13,4,'br.com.opensig.produto.client.controlador.comando.ComandoTributacao',2,0,1),(14,4,'br.com.opensig.produto.client.controlador.comando.ComandoPesquisa',4,0,1),(15,4,'Separador',5,0,1),(17,4,'br.com.opensig.produto.client.controlador.comando.ComandoEmbalagem',7,0,1),(18,3,'br.com.opensig.empresa.client.controlador.comando.ComandoEmpresa',1,0,1),(19,3,'br.com.opensig.empresa.client.controlador.comando.ComandoFuncionario',2,0,1),(20,5,'br.com.opensig.comercial.client.controlador.comando.ComandoCompra',1,1,1),(21,5,'br.com.opensig.comercial.client.controlador.comando.ComandoVenda',2,1,1),(23,5,'br.com.opensig.comercial.client.controlador.comando.ComandoValorProduto',6,0,1),(24,3,'br.com.opensig.empresa.client.controlador.comando.ComandoTransportadora',5,0,1),(25,5,'br.com.opensig.comercial.client.controlador.comando.ComandoFrete',4,0,1),(27,7,'br.com.opensig.financeiro.client.controlador.comando.ComandoReceber',1,1,1),(28,7,'br.com.opensig.financeiro.client.controlador.comando.ComandoPagar',2,1,1),(30,7,'br.com.opensig.financeiro.client.controlador.comando.ComandoPagamento',2,2,1),(33,7,'Separador',7,0,1),(34,7,'br.com.opensig.financeiro.client.controlador.comando.ComandoBanco',8,0,1),(35,7,'br.com.opensig.financeiro.client.controlador.comando.ComandoConta',9,0,1),(36,7,'br.com.opensig.financeiro.client.controlador.comando.ComandoBandeira',10,0,1),(37,5,'br.com.opensig.comercial.client.controlador.comando.ComandoCompraProduto',1,2,1),(38,5,'br.com.opensig.comercial.client.controlador.comando.ComandoVendaProduto',2,2,1),(40,3,'Separador',9,0,1),(46,7,'br.com.opensig.financeiro.client.controlador.comando.ComandoRecebimento',1,2,1),(49,6,'br.com.opensig.fiscal.client.controlador.comando.ComandoSaida',1,0,1),(50,6,'br.com.opensig.fiscal.client.controlador.comando.ComandoEntrada',2,0,1),(55,6,'Separador',5,0,1),(56,6,'br.com.opensig.fiscal.client.controlador.comando.ComandoIncentivo',4,0,1),(60,2,'br.com.opensig.permissao.client.controlador.comando.ComandoConfiguracao',2,0,1),(61,7,'Separador',3,0,1),(62,7,'br.com.opensig.financeiro.client.controlador.comando.ComandoRemessa',4,0,1),(63,7,'br.com.opensig.financeiro.client.controlador.comando.ComandoRetorno',5,0,1),(64,5,'br.com.opensig.comercial.client.controlador.comando.ComandoNatureza',7,0,1),(65,5,'Separador',4,0,1),(66,5,'br.com.opensig.comercial.client.controlador.comando.ComandoEcfZ',3,2,1),(67,5,'br.com.opensig.comercial.client.controlador.comando.ComandoEcfVenda',3,3,1),(68,5,'br.com.opensig.comercial.client.controlador.comando.ComandoEcfVendaProduto',3,4,1),(69,5,'br.com.opensig.comercial.client.controlador.comando.ComandoEcf',3,1,1),(70,6,'br.com.opensig.fiscal.client.controlador.comando.ComandoCertificado',3,0,1),(71,6,'br.com.opensig.fiscal.client.controlador.comando.ComandoSefaz',6,1,1),(72,6,'br.com.opensig.fiscal.client.controlador.comando.ComandoStatus',6,2,1),(73,6,'br.com.opensig.fiscal.client.controlador.comando.ComandoSituacao',6,3,1),(74,6,'br.com.opensig.fiscal.client.controlador.comando.ComandoCadastro',6,4,1),(75,2,'br.com.opensig.core.client.controlador.comando.ComandoExpImp',1,0,1),(76,6,'br.com.opensig.fiscal.client.controlador.comando.ComandoSpedFiscal',7,0,1);
/*!40000 ALTER TABLE `sis_funcao` ENABLE KEYS */;
UNLOCK TABLES;

UPDATE `sis_funcao` SET `sis_funcao_id`=16, `sis_funcao_ordem`=6 WHERE `sis_funcao_id`='14';
INSERT INTO `sis_funcao` (`sis_funcao_id`, `sis_modulo_id`, `sis_funcao_classe`, `sis_funcao_ordem`, `sis_funcao_subordem`, `sis_funcao_ativo`) VALUES (14, 4, 'br.com.opensig.produto.client.controlador.comando.ComandoIpi', 3, 0, 1);

--
-- Table structure for table `fis_sped_bloco`
--

DROP TABLE IF EXISTS `fis_sped_bloco`;
/*!40101 SET @saved_cs_client     = @@character_set_client */;
/*!40101 SET character_set_client = utf8 */;
CREATE TABLE `fis_sped_bloco` (
  `fis_sped_bloco_id` int(11) NOT NULL AUTO_INCREMENT,
  `fis_sped_bloco_icms_ipi` tinyint(1) NOT NULL,
  `fis_sped_bloco_pis_cofins` tinyint(1) NOT NULL,
  `fis_sped_bloco_letra` varchar(1) NOT NULL,
  `fis_sped_bloco_descricao` varchar(255) NOT NULL,
  `fis_sped_bloco_registro` varchar(4) NOT NULL,
  `fis_sped_bloco_obrigatorio` tinyint(1) NOT NULL,
  `fis_sped_bloco_classe` varchar(500) DEFAULT NULL,
  `fis_sped_bloco_ordem` int(11) NOT NULL,
  `fis_sped_bloco_nivel` int(11) NOT NULL,
  PRIMARY KEY (`fis_sped_bloco_id`)
) ENGINE=InnoDB AUTO_INCREMENT=181 DEFAULT CHARSET=latin1;
/*!40101 SET character_set_client = @saved_cs_client */;

--
-- Dumping data for table `fis_sped_bloco`
--

LOCK TABLES `fis_sped_bloco` WRITE;
/*!40000 ALTER TABLE `fis_sped_bloco` DISABLE KEYS */;
INSERT INTO `fis_sped_bloco` VALUES (1,1,0,'0','ABERTURA DO ARQUIVO DIGITAL E IDENTIFICAÇÃO DA ENTIDADE','0000',1,'br.com.opensig.fiscal.server.sped.bloco0.Registro0000',1,0),(2,1,0,'0','ABERTURA DO BLOCO 0','0001',1,'br.com.opensig.fiscal.server.sped.bloco0.Registro0001',2,1),(3,1,0,'0','DADOS COMPLEMENTARES DA ENTIDADE','0005',1,'br.com.opensig.fiscal.server.sped.bloco0.Registro0005',3,2),(4,1,0,'0','DADOS DO CONTRIBUINTE SUBSTITUTO','0015',0,NULL,4,2),(5,1,0,'0','DADOS DO CONTABILISTA','0100',1,'br.com.opensig.fiscal.server.sped.bloco0.Registro0100',5,2),(6,1,0,'0','TABELA DE CADASTRO DO PARTICIPANTE','0150',1,'br.com.opensig.fiscal.server.sped.bloco0.Registro0150',6,2),(7,1,0,'0','ALTERAÇÃO DA TABELA DE CADASTRO DE PARTICIPANTE','0175',0,NULL,7,2),(8,1,0,'0','IDENTIFICAÇÃO DAS UNIDADES DE MEDIDA','0190',1,'br.com.opensig.fiscal.server.sped.bloco0.Registro0190',8,2),(9,1,0,'0','TABELA DE IDENTIFICAÇÃO DO ITEM (PRODUTO E SERVIÇOS)','0200',1,'br.com.opensig.fiscal.server.sped.bloco0.Registro0200',9,2),(10,1,0,'0','ALTERAÇÃO DO ITEM','0205',0,NULL,10,2),(11,1,0,'0','CÓDIGO DE PRODUTO CONFORME TABELA PUBLICADA PELA ANP (COMBUSTÍVEIS)','0206',0,NULL,11,2),(12,1,0,'0','FATORES DE CONVERSÃO DE UNIDADES','0220',1,'br.com.opensig.fiscal.server.sped.bloco0.Registro0220',12,2),(13,1,0,'0','CADASTRO DE BENS OU COMPONENTES DO ATIVO IMOBILIZADO','0300',0,NULL,13,2),(14,1,0,'0','INFORMAÇÃO SOBRE A UTILIZAÇÃO DO BEM','0305',0,NULL,14,2),(15,1,0,'0','TABELA DE NATUREZA DA OPERAÇÃO/PRESTAÇÃO','0400',1,'br.com.opensig.fiscal.server.sped.bloco0.Registro0400',15,2),(16,1,0,'0','TABELA DE INFORMAÇÃO COMPLEMENTAR DO DOCUMENTO FISCAL','0450',0,'br.com.opensig.fiscal.server.sped.bloco0.Registro0450',16,2),(17,1,0,'0','TABELA DE OBSERVAÇÕES DO LANÇAMENTO FISCAL','0460',0,NULL,17,2),(18,1,0,'0','PLANO DE CONTAS CONTÁBEIS','0500',0,NULL,18,2),(19,1,0,'0','CENTRO DE CUSTOS','0600',0,NULL,19,2),(20,1,0,'0','ENCERRAMENTO DO BLOCO 0','0990',1,'br.com.opensig.fiscal.server.sped.bloco0.Registro0990',20,1),(21,1,0,'C','ABERTURA DO BLOCO C','C001',1,'br.com.opensig.fiscal.server.sped.blocoC.RegistroC001',21,1),(22,1,0,'C','NOTA FISCAL (CÓDIGO 01), NOTA FISCAL AVULSA (CÓDIGO 1B), NOTA FISCAL DE PRODUTOR (CÓDIGO 04) E NF-e (CÓDIGO 55)','C100',0,'br.com.opensig.fiscal.server.sped.blocoC.RegistroC100',22,2),(23,1,0,'C','OPERAÇÕES COM ICMS ST RECOLHIDO PARA UF DIVERSA DO DESTINATÁRIO DO DOCUMENTO FISCAL (CÓDIGO 55)','C105',0,NULL,23,0),(24,1,0,'C','INFORMAÇÃO COMPLEMENTAR DA NOTA FISCAL (CÓDIGO 01, 1B, 04 e 55)','C110',0,NULL,24,0),(25,1,0,'C','PROCESSO REFERENCIADO','C111',0,NULL,25,0),(26,1,0,'C','DOCUMENTO DE ARRECADAÇÃO REFERENCIADO','C112',0,NULL,26,0),(27,1,0,'C','DOCUMENTO FISCAL REFERENCIADO','C113',0,NULL,27,0),(28,1,0,'C','CUPOM FISCAL REFERENCIADO','C114',0,NULL,28,0),(29,1,0,'C','LOCAL DA COLETA E/OU ENTREGA (CÓDIGO 01, 1B E 04)','C115',0,NULL,29,0),(30,1,0,'C','OPERAÇÕES DE IMPORTAÇÃO (CÓDIGO 01)','C120',0,NULL,30,0),(31,1,0,'C','ISSQN, IRRF E PREVIDÊNCIA SOCIAL','C130',0,NULL,31,0),(32,1,0,'C','FATURA (CÓDIGO 01)','C140',0,'br.com.opensig.fiscal.server.sped.blocoC.RegistroC140',32,3),(33,1,0,'C','VENCIMENTO DA FATURA (CÓDIGO 01)','C141',0,'br.com.opensig.fiscal.server.sped.blocoC.RegistroC141',33,4),(34,1,0,'C','VOLUMES TRANSPORTADOS (CÓDIGO 01 E 04) - EXCETO COMBUSTÍVEIS','C160',0,'br.com.opensig.fiscal.server.sped.blocoC.RegistroC160',34,3),(35,1,0,'C','OPERAÇÕES COM COMBUSTÍVEIS (CÓDIGO 01)','C165',0,NULL,35,0),(36,1,0,'C','ITENS DO DOCUMENTO (CÓDIGO 01, 1B, 04 e 55)','C170',0,'br.com.opensig.fiscal.server.sped.blocoC.RegistroC170',36,3),(37,1,0,'C','ARMAZENAMENTO DE COMBUSTÍVEIS (co?digo 01, 55)','C171',0,NULL,37,0),(38,1,0,'C','OPERAÇÕES COM ISSQN (CÓDIGO 01)','C172',0,NULL,38,0),(39,1,0,'C','OPERAÇÕES COM MEDICAMENTOS (CÓDIGO 01 e 55)','C173',0,NULL,39,0),(40,1,0,'C','OPERAÇÕES COM ARMAS DE FOGO (CÓDIGO 01)','C174',0,NULL,40,0),(41,1,0,'C','OPERAÇÕES COM VEÍCULOS NOVOS (CÓDIGO 01 e 55)','C175',0,NULL,41,0),(42,1,0,'C','RESSARCIMENTO DE ICMS EM OPERAÇÕES COM SUBSTITUIÇÃO TRIBUTÁRIA (CÓDIGO 01, 55)','C176',0,NULL,42,0),(43,1,0,'C','OPERAÇÕES COM PRODUTOS SUJEITOS A SELO DE CONTROLE IPI','C177',0,NULL,43,0),(44,1,0,'C','OPERAÇÕES COM PRODUTOS SUJEITOS Á TRIBUTAÇÃO DE IPI POR UNIDADE OU QUANTIDADE DE PRODUTO','C178',0,NULL,44,0),(45,1,0,'C','INFORMAÇÕES COMPLEMENTARES ST (CÓDIGO 01)','C179',0,NULL,45,0),(46,1,0,'C','REGISTRO ANALÍTICO DO DOCUMENTO (CÓDIGO 01, 1B, 04 E 55)','C190',0,'br.com.opensig.fiscal.server.sped.blocoC.RegistroC190',46,3),(47,1,0,'C','OBSERVAÇOES DO LANÇAMENTO FISCAL (CÓDIGO 01, 1B E 55)','C195',0,NULL,47,0),(48,1,0,'C','OUTRAS OBRIGAÇÕES TRIBUTÁRIAS, AJUSTES E INFORMAÇÕES DE VALORES PROVENIENTES DE DOCUMENTO FISCAL','C197',0,NULL,48,0),(49,1,0,'C','RESUMO DIÁRIO DAS NOTAS FISCAIS DE VENDA A CONSUMIDOR (CÓDIGO 02)','C300',0,NULL,49,0),(50,1,0,'C','DOCUMENTOS CANCELADOS DE NOTAS FISCAIS DE VENDA A CONSUMIDOR (CÓDIGO 02)','C310',0,NULL,50,0),(51,1,0,'C','REGISTRO ANALÍTICO DO RESUMO DIÁRIO DAS NOTAS FISCAIS DE VENDA A CONSUMIDOR (CÓDIGO 02)','C320',0,NULL,51,0),(52,1,0,'C','ITENS DO RESUMO DIÁRIO DOS DOCUMENTOS (CÓDIGO 02)','C321',0,NULL,52,0),(53,1,0,'C','NOTA FISCAL DE VENDA A CONSUMIDOR (CÓDIGO 02)','C350',0,NULL,53,0),(54,1,0,'C','ITENS DO DOCUMENTO (CÓDIGO 02)','C370',0,NULL,54,0),(55,1,0,'C','REGISTRO ANALÍTICO DAS NOTAS FISCAIS DE VENDA A CONSUMIDOR (CÓDIGO 02)','C390',0,NULL,55,0),(56,1,0,'C','EQUIPAMENTO ECF (CÓDIGO 02 e 2D)','C400',0,'br.com.opensig.fiscal.server.sped.blocoC.RegistroC400',56,2),(57,1,0,'C','REDUÇÃO Z (CÓDIGO 02 e 2D)','C405',0,'br.com.opensig.fiscal.server.sped.blocoC.RegistroC405',57,3),(58,1,0,'C','PIS E COFINS TOTALIZADOS NO DIA (CÓDIGO 02 e 2D)','C410',0,'br.com.opensig.fiscal.server.sped.blocoC.RegistroC410',58,4),(59,1,0,'C','REGISTRO DOS TOTALIZADORES PARCIAIS DA REDUÇÃO Z (COD 02 e 2D)','C420',0,'br.com.opensig.fiscal.server.sped.blocoC.RegistroC420',59,4),(60,1,0,'C','RESUMO DE ITENS DO MOVIMENTO DIÁRIO (CÓDIGO 02 e 2D)','C425',0,'br.com.opensig.fiscal.server.sped.blocoC.RegistroC424',60,5),(61,1,0,'C','DOCUMENTO FISCAL EMITIDO POR ECF (CÓDIGO 02 e 2D)','C460',0,'br.com.opensig.fiscal.server.sped.blocoC.RegistroC460',61,4),(62,1,0,'C','ITENS DO DOCUMENTO FISCAL EMITIDO POR ECF (CÓDIGO 02 e 2D)','C470',0,'br.com.opensig.fiscal.server.sped.blocoC.RegistroC470',62,5),(63,1,0,'C','REGISTRO ANALÍTICO DO MOVIMENTO DIÁRIO (CÓDIGO 02 e 2D)','C490',0,'br.com.opensig.fiscal.server.sped.blocoC.RegistroC490',63,4),(64,1,0,'C','RESUMO MENSAL DE ITENS DO ECF POR ESTABELECIMENTO (CÓDIGO 02 e 2D)','C495',0,NULL,64,0),(65,1,0,'C','NOTA FISCAL/CONTA DE ENERGIA ELÉTRICA (CÓDIGO 06), NOTA FISCAL/CONTA DE FORNECIMENTO D\'ÁGUA CANALIZADA (CÓDIGO 29) E NOTA FISCAL CONSUMO FORNECIMENTO DE GÁS (CÓDIGO 28)','C500',0,NULL,65,0),(66,1,0,'C','ITENS DO DOCUMENTO NOTA FISCAL/CONTA ENERGIA ELÉTRICA (CÓDIGO 06), NOTA FISCAL/CONTA DE FORNECIMENTO D\'ÁGUA CANALIZADA (CÓDIGO 29) E NOTA FISCAL/CONTA DE FORNECIMENTO DE GÁS (CÓDIGO 28)','C510',0,NULL,66,0),(67,1,0,'C','REGISTRO ANALÍTICO DO DOCUMENTO - NOTA FISCAL/CONTA DE ENERGIA ELÉTRICA (CÓDIGO 06), NOTA FISCAL/CONTA DE FORNECIMENTO D\'ÁGUA CANALIZADA (CÓDIGO 29) E NOTA FISCAL CONSUMO FORNECIMENTO DE GÁS (CÓDIGO 28)','C590',0,NULL,67,0),(68,1,0,'C','CONSOLIDAÇÃO DIÁRIA DE NOTAS FISCAIS/CONTAS DE ENERGIA ELÉTRICA (CÓDIGO 06), NOTA FISCAL/CONTA DE FORNECIMENTO D\'ÁGUA CANALIZADA (CÓDIGO 29) E NOTA FISCAL/CONTA DE FORNECIMENTO DE GÁS (CÓDIGO 28) (EMPRESAS NÁO OBRIGADAS AO CONVÉNIO ICMS 115/03)','C600',0,NULL,68,0),(69,1,0,'C','DOCUMENTOS CANCELADOS - CONSOLIDAÇÃO DIÁRIA DE NOTAS FISCAIS/CONTAS DE ENERGIA ELÉTRICA (CÓDIGO 06), NOTA FISCAL/CONTA DE FORNECIMENTO D\'ÁGUA CANALIZADA (CÓDIGO 29) E NOTA FISCAL/CONTA DE FORNECIMENTO DE GÁS (CÓDIGO 28)','C601',0,NULL,69,0),(70,1,0,'C','ITENS DO DOCUMENTO CONSOLIDADO (CÓDIGO 06), NOTA FISCAL/CONTA DE FORNECIMENTO D\'ÁGUA CANALIZADA (CÓDIGO 29) E NOTA FISCAL/CONTA DE FORNECIMENTO DE GÁS (CÓDIGO 28) (EMPRESAS NÁO OBRIGADAS AO CONVÉNIO ICMS 115/03)','C610',0,NULL,70,0),(71,1,0,'C','REGISTRO ANALÍTICO DOS DOCUMENTOS (NOTAS FISCAIS/CONTAS DE ENERGIA ELÉTRICA (CÓDIGO 06), NOTA FISCAL/CONTA DE FORNECIMENTO D’ÁGUA CANALIZADA (CÓDIGO 29) E NOTA FISCAL/CONTA DE FORNECIMENTO DE GÁS (CÓDIGO 28)','C690',0,NULL,71,0),(72,1,0,'C','CONSOLIDAÇÃO DOS DOCUMENTOS NF/CONTA ENERGIA ELÉTRICA (CÓD 06), EMITIDAS EM VIA U?NICA (EMPRESAS OBRIGADAS Á ENTREGA DO ARQUIVO PREVISTO NO CONVÉNIO ICMS 115/03) ) E NOTA FISCAL/CONTA DE FORNECIMENTO DE GÁS CANALIZADO (CÓDIGO 28)','C700',0,NULL,72,0),(73,1,0,'C','REGISTRO ANALÍTICO DOS DOCUMENTOS (CÓDIGO 06)','C790',0,NULL,73,0),(74,1,0,'C','REGISTRO DE INFORMAÇÕES DE ST POR UF (COD 06)','C791',0,NULL,74,0),(75,1,0,'C','CUPOM FISCAL ELETRÓNICO (CÓDIGO 59)','C800',0,NULL,75,0),(76,1,0,'C','REGISTRO ANALÍTICO DO CF-E (CODIGO 59)','C850',0,NULL,76,0),(77,1,0,'C','IDENTIFICAÇÃO DO EQUIPAMENTO SAT-CF-E','C860',0,NULL,77,0),(78,1,0,'C','RESUMO DIÁRIO DO CF-E (CÓDIGO 59) POR EQUIPAMENTO SAT- CF-E','C890',0,NULL,78,0),(79,1,0,'C','ENCERRAMENTO DO BLOCO C','C990',1,'br.com.opensig.fiscal.server.sped.blocoC.RegistroC990',79,1),(80,1,0,'D','ABERTURA DO BLOCO D','D001',1,'br.com.opensig.fiscal.server.sped.blocoD.RegistroD001',80,1),(81,1,0,'D','NOTA FISCAL DE SERVIÇO DE TRANSPORTE (CÓDIGO 07) E CONHECIMENTOS DE TRANSPORTE RODOVIÁRIO DE CARGAS (CÓDIGO 08), CONHECIMENTOS DE TRANSPORTE DE CARGAS AVULSO (CÓDIGO 8B), AQUAVIÁRIO DE CARGAS (CÓDIGO 09), AÉREO (CÓDIGO 10), FERROVIÁRIO DE CARGAS','D100',0,'br.com.opensig.fiscal.server.sped.blocoD.RegistroD100',81,2),(82,1,0,'D','ITENS DO DOCUMENTO - NOTA FISCAL DE SERVIÇOS DE TRANSPORTE (CÓDIGO 07)','D110',0,NULL,82,0),(83,1,0,'D','COMPLEMENTO DA NOTA FISCAL DE SERVIÇOS DE TRANSPORTE (CÓDIGO 07)','D120',0,NULL,83,0),(84,1,0,'D','COMPLEMENTO DO CONHECIMENTO RODOVIÁRIO DE CARGAS (CÓDIGO 08) E DO CONHECIMENTO RODOVIÁRIO DE CARGAS AVULSO (CÓDIGO 8B)','D130',0,NULL,84,0),(85,1,0,'D','COMPLEMENTO DO CONHECIMENTO AQUAVIÁRIO DE CARGAS (CÓDIGO 09)','D140',0,NULL,85,0),(86,1,0,'D','COMPLEMENTO DO CONHECIMENTO AÉREO (CÓDIGO 10)','D150',0,NULL,86,0),(87,1,0,'D','CARGA TRANSPORTADA (CÓDIGO 08, 8B, 09, 10, 11, 26 e 27)','D160',0,NULL,87,0),(88,1,0,'D','LOCAL DA COLETA E ENTREGA (CÓDIGO 08, 8B, 09, 10, 11 e 26)','D161',0,NULL,88,0),(89,1,0,'D','IDENTIFICAÇÃO DOS DOCUMENTOS FISCAIS (CÓDIGOS 08, 8B, 09, 10, 11, 26 E 27)','D162',0,NULL,89,0),(90,1,0,'D','COMPLEMENTO DO CONHECIMENTO MULTIMODAL DE CARGAS (CÓDIGO 26)','D170',0,NULL,90,0),(91,1,0,'D','MODAIS (CÓDIGO 26)','D180',0,NULL,91,0),(92,1,0,'D','REGISTRO ANALÍTICO DOS DOCUMENTOS (CÓDIGO 07, 08, 8B, 09, 10, 11, 26, 27 e 57)','D190',0,'br.com.opensig.fiscal.server.sped.blocoD.RegistroD190',92,3),(93,1,0,'D','REGISTRO ANALÍTICO DOS BILHETES CONSOLIDADOS DE PASSAGEM RODOVIÁRIO (CÓDIGO 13), DE PASSAGEM AQUAVIÁRIO (CÓDIGO 14), DE PASSAGEM E NOTA DE BAGAGEM (CÓDIGO 15) E DE PASSAGEM FERROVIÁRIO (CÓDIGO 16)','D300',0,NULL,93,0),(94,1,0,'D','DOCUMENTOS CANCELADOS DOS BILHETES DE PASSAGEM RODOVIÁRIO (CÓDIGO 13), DE PASSAGEM AQUAVIÁRIO (CÓDIGO 14), DE PASSAGEM E NOTA DE BAGAGEM (CÓDIGO 15) E DE PASSAGEM FERROVIÁRIO\r(CÓDIGO 16)','D301',0,NULL,94,0),(95,1,0,'D','COMPLEMENTO DOS BILHETES (CÓDIGO 13, 14, 15 E 16)','D310',0,NULL,95,0),(96,1,0,'D','EQUIPAMENTO ECF (CÓDIGOS 2E, 13, 14, 15 e 16)','D350',0,NULL,96,0),(97,1,0,'D','REDUÇÃO Z (CÓDIGOS 2E, 13, 14, 15 e 16)','D355',0,NULL,97,0),(98,1,0,'D','PIS E COFINS TOTALIZADOS NO DIA (CÓDIGOS 2E, 13, 14, 15 e 16)','D360',0,NULL,98,0),(99,1,0,'D','REGISTRO DOS TOTALIZADORES PARCIAIS DA REDUÇÃO Z\r(CÓDIGOS 2E, 13, 14, 15 e 16)','D365',0,NULL,99,0),(100,1,0,'D','COMPLEMENTO DOS DOCUMENTOS INFORMADOS (CÓDIGOS 13, 14, 15 e 16 e 2E)','D370',0,NULL,100,0),(101,1,0,'D','REGISTRO ANALÍTICO DO MOVIMENTO DIÁRIO (CÓDIGOS 13, 14, 15, 16 E 2E)','D390',0,NULL,101,0),(102,1,0,'D','RESUMO DE MOVIMENTO DIÁRIO - RMD (CÓDIGO 18)','D400',0,NULL,102,0),(103,1,0,'D','DOCUMENTOS INFORMADOS (CÓDIGOS 13, 14, 15 E 16)','D410',0,NULL,103,0),(104,1,0,'D','DOCUMENTOS CANCELADOS DOS DOCUMENTOS INFORMADOS\r(CÓDIGO 13, 14, 15 e 16)','D411',0,NULL,104,0),(105,1,0,'D','COMPLEMENTO DOS DOCUMENTOS INFORMADOS (CÓDIGO 13, 14, 15 e 16)','D420',0,NULL,105,0),(106,1,0,'D','NOTA FISCAL DE SERVIÇO DE COMUNICAÇÃO (CÓDIGO 21) E NOTA FISCAL DE SERVIÇO DE TELECOMUNICAÇÃO (CÓDIGO 22)','D500',0,NULL,106,0),(107,1,0,'D','ITENS DO DOCUMENTO – NOTA FISCAL DE SERVIÇO DE COMUNICAÇÃO (CÓDIGO 21) E SERVIÇO DE TELECOMUNICAÇÃO (CÓDIGO 22)','D510',0,NULL,107,0),(108,1,0,'D','TERMINAL FATURADO','D530',0,NULL,108,0),(109,1,0,'D','REGISTRO ANALÍTICO DO DOCUMENTO (CÓDIGO 21 E 22)','D590',0,NULL,109,0),(110,1,0,'D','CONSOLIDAÇÃO DA PRESTAÇÃO DE SERVIÇOS - NOTAS DE SERVIÇO DE COMUNICAÇÃO (CÓDIGO 21) E DE SERVIÇO DE TELECOMUNICAÇÃO (CÓDIGO 22)','D600',0,NULL,110,0),(111,1,0,'D','ITENS DO DOCUMENTO CONSOLIDADO (CÓDIGO 21 E 22)','D610',0,NULL,111,0),(112,1,0,'D','REGISTRO ANALÍTICO DOS DOCUMENTOS (CÓDIGOS 21 e 22)','D690',0,NULL,112,0),(113,1,0,'D','CONSOLIDAÇÃO DA PREST AÇÃO DE SERVIÇOS - NOT AS DE SERVIÇO DE COMUNICAÇÃO (CÓDIGO 21) E DE SERVIÇO DE TELECOMUNICAÇÃO (CÓDIGO 22) (EMPRESAS OBRIGADAS Á ENTREGA DOS ARQUIVOS PREVISTOS NO\rCONVÉNIO ICMS 115/03)','D695',0,NULL,113,0),(114,1,0,'D','REGISTRO ANALÍTICO DOS DOCUMENTOS (CÓDIGO 21 E 22)','D696',0,NULL,114,0),(115,1,0,'D','REGISTRO DE INFORMAÇÕES DE OUTRAS UFs, RELATIVAMENTE AOS SERVIÇOS “NÁO-MEDIDOS” DE TELEVISÁO POR ASSINATURA VIA SATÉLITE','D697',0,NULL,115,0),(116,1,0,'D','ENCERRAMENTO DO BLOCO D','D990',1,'br.com.opensig.fiscal.server.sped.blocoD.RegistroD990',116,1),(117,1,0,'E','ABERTURA DO BLOCO E','E001',1,'br.com.opensig.fiscal.server.sped.blocoE.RegistroE001',117,1),(118,1,0,'E','PERÍODO DA APURAÇÃO DO ICMS','E100',0,NULL,118,0),(119,1,0,'E','APURAÇÃO DO ICMS – OPERAÇÕES PRÓPRIAS','E110',0,NULL,119,0),(120,1,0,'E','AJUSTE/BENEFÍCIO/INCENTIVO DA APURAÇÃO DO ICMS','E111',0,NULL,120,0),(121,1,0,'E','INFORMAÇÕES ADICIONAIS DOS AJUSTES DA APURAÇÃO DO ICMS','E112',0,NULL,121,0),(122,1,0,'E','INFORMAÇÕES ADICIONAIS DOS AJUSTES DA APURAÇÃO DO ICMS – IDENTIFICAÇÃO DOS DOCUMENTOS FISCAIS','E113',0,NULL,122,0),(123,1,0,'E','INFORMAÇÕES ADICIONAIS DA APURAÇÃO – VALORES DECLARATÓRIOS','E115',0,NULL,123,0),(124,1,0,'E','OBRIGAÇÕES DO ICMS RECOLHIDO OU A RECOLHER – OPERAÇÕES PRÓPRIAS','E116',0,NULL,124,0),(125,1,0,'E','PERÍODO DA APURAÇÃO DO ICMS - SUBSTITUIÇÃO TRIBUTÁRIA','E200',0,NULL,125,0),(126,1,0,'E','APURAÇÃO DO ICMS – SUBSTITUIÇÃO TRIBUTÁRIA','E210',0,NULL,126,0),(127,1,0,'E','AJUSTE/BENEFÍCIO/INCENTIVO DA APURAÇÃO DO ICMS SUBSTITUIÇÃO TRIBUTÁRIA','E220',0,NULL,127,0),(128,1,0,'E','INFORMAÇÕES ADICIONAIS DOS AJUSTES DA APURAÇÃO DO ICMS SUBSTITUIÇÃO TRIBUTÁRIA','E230',0,NULL,128,0),(129,1,0,'E','INFORMAÇÕES ADICIONAIS DOS AJUSTES DA APURAÇÃO DO ICMS SUBSTITUIÇÃO TRIBUTÁRIA – IDENTIFICAÇÃO DOS DOCUMENTOS FISCAIS','E240',0,NULL,129,0),(130,1,0,'E','OBRIGAÇÕES DO ICMS RECOLHIDO OU A RECOLHER – SUBSTITUIÇÃO TRIBUTÁRIA','E250',0,NULL,130,0),(131,1,0,'E','PERÍODO DE APURAÇÃO DO IPI','E500',0,NULL,131,0),(132,1,0,'E','CONSOLIDAÇÃO DOS VALORES DO IPI','E510',0,NULL,132,0),(133,1,0,'E','APURAÇÃO DO IPI','E520',0,NULL,133,0),(134,1,0,'E','AJUSTES DA APURAÇÃO DO IPI','E530',0,NULL,134,0),(135,1,0,'E','ENCERRAMENTO DO BLOCO E','E990',1,'br.com.opensig.fiscal.server.sped.blocoE.RegistroE990',135,1),(136,1,0,'G','ABERTURA DO BLOCO G','G001',0,'br.com.opensig.fiscal.server.sped.blocoG.RegistroG001',136,1),(137,1,0,'G','ICMS – ATIVO PERMANENTE – CIAP','G110',0,NULL,137,0),(138,1,0,'G','MOVIMENTAÇÃO DE BEM OU COMPONENTE DO ATIVO IMOBILIZADO','G125',0,NULL,138,0),(139,1,0,'G','OUTROS CRÉDITOS CIAP','G126',0,NULL,139,0),(140,1,0,'G','IDENTIFICAÇÃO DO DOCUMENTO FISCAL','G130',0,NULL,140,0),(141,1,0,'G','IDENTIFICAÇÃO DO ITEM DO DOCUMENTO FISCAL','G140',0,NULL,141,0),(142,1,0,'G','ENCERRAMENTO DO BLOCO G','G990',0,'br.com.opensig.fiscal.server.sped.blocoG.RegistroG990',142,1),(143,1,0,'H','ABERTURA DO BLOCO H','H001',1,'br.com.opensig.fiscal.server.sped.blocoH.RegistroH001',143,1),(144,1,0,'H','TOTAIS DO INVENTÁRIO','H005',0,'br.com.opensig.fiscal.server.sped.blocoH.RegistroH005',144,2),(145,1,0,'H','INVENTÁRIO','H010',0,'br.com.opensig.fiscal.server.sped.blocoH.RegistroH010',145,3),(146,1,0,'H','ENCERRAMENTO DO BLOCO H','H990',1,'br.com.opensig.fiscal.server.sped.blocoH.RegistroH990',147,1),(147,1,0,'1','ABERTURA DO BLOCO 1','1001',1,'br.com.opensig.fiscal.server.sped.bloco1.Registro1001',148,1),(148,1,0,'1','REGISTRO DE INFORMAÇÕES SOBRE EXPORTAÇÃO','1100',0,NULL,150,0),(149,1,0,'1','DOCUMENTOS FISCAIS DE EXPORTAÇÃO','1105',0,NULL,151,0),(150,1,0,'1','OPERAÇÕES DE EXPORTAÇÃO INDIRETA - MERCADORIAS DE TERCEIROS','1110',0,NULL,152,0),(151,1,0,'1','CONTROLE DE CRÉDITOS FISCAIS - ICMS','1200',0,NULL,153,0),(152,1,0,'1','UTILIZAÇÃO DE CRÉDITOS FISCAIS – ICMS','1210',0,NULL,154,0),(153,1,0,'1','MOVIMENTAÇÃO DIÁRIA DE COMBUSTÍVEIS','1300',0,NULL,155,0),(154,1,0,'1','MOVIMENTAÇÃO DIÁRIA DE COMBUSTÍVEIS POR TANQUE','1310',0,NULL,156,0),(155,1,0,'1','VOLUME DE VENDAS','1320',0,NULL,157,0),(156,1,0,'1','BOMBAS','1350',0,NULL,158,0),(157,1,0,'1','LACRES DA BOMBA','1360',0,NULL,159,0),(158,1,0,'1','BICOS DA BOMBA','1370',0,NULL,160,0),(159,1,0,'1','INFORMAÇÃO SOBRE VALORES AGREGADOS','1400',0,NULL,161,0),(160,1,0,'1','NOTA FISCAL/CONTA DE ENERGIA ELÉTRICA (CÓDIGO 06) – OPERAÇÕES INTERESTADUAIS','1500',0,NULL,162,0),(161,1,0,'1','ITENS DO DOCUMENTO NOTA FISCAL/CONTA ENERGIA ELÉTRICA (CÓDIGO 06)','1510',0,NULL,163,0),(162,1,0,'1','TOTAL DAS OPERAÇÕES COM CARTÁO DE CRÉDITO E/OU DÉBITO','1600',0,NULL,164,0),(163,1,0,'1','DOCUMENTOS FISCAIS UTILIZADOS','1700',0,NULL,165,0),(164,1,0,'1','DOCUMENTOS FISCAIS CANCELADOS/INUTILIZADOS','1710',0,NULL,166,0),(165,1,0,'1','DCTA – DEMONSTRATIVO DE CRÉDITO DO ICMS SOBRE TRANSPORTE AÉREO','1800',0,NULL,167,0),(166,1,0,'1','INDICADOR DE SUB-APURAÇÃO DO ICMS','1900',0,NULL,168,0),(167,1,0,'1','PERÍODO DA SUB-APURAÇÃO DO ICMS','1910',0,NULL,169,0),(168,1,0,'1','SUB-APURAÇÃO DO ICMS','1920',0,NULL,170,0),(169,1,0,'1','AJUSTE/BENEFÍCIO/INCENTIVO DA SUB-APURAÇÃO DO ICMS','1921',0,NULL,171,0),(170,1,0,'1','INFORMAÇÕES ADICIONAIS DOS AJUSTES DA SUB-APURAÇÃO DO ICMS','1922',0,NULL,172,0),(171,1,0,'1','INFORMAÇÕES ADICIONAIS DOS AJUSTES DA SUB-APURAÇÃO DO ICMS – IDENTIFICAÇÃO DOS DOCUMENTOS FISCAIS','1923',0,NULL,173,0),(172,1,0,'1','INFORMAÇÕES ADICIONAIS DA SUB-APURAÇÃO – VALORES DECLARATÓRIOS','1925',0,NULL,174,0),(173,1,0,'1','OBRIGAÇÕES DO ICMS A RECOLHER – OPERAÇÕES REFERENTES Á SUB- APURAÇÃO','1926',0,NULL,175,0),(174,1,0,'1','ENCERRAMENTO DO BLOCO 1','1990',1,'br.com.opensig.fiscal.server.sped.bloco1.Registro1990',176,1),(175,1,0,'9','ABERTURA DO BLOCO 9','9001',1,'br.com.opensig.fiscal.server.sped.bloco9.Registro9001',177,1),(176,1,0,'9','REGISTROS DO ARQUIVO','9900',1,'br.com.opensig.fiscal.server.sped.bloco9.Registro9900',178,2),(177,1,0,'9','ENCERRAMENTO DO BLOCO 9','9990',1,'br.com.opensig.fiscal.server.sped.bloco9.Registro9990',179,1),(178,1,0,'H','INFORMAÇÃO COMPLEMENTAR DO INVENTÁRIO','H020',0,NULL,146,4),(179,1,0,'1','OBRIGATORIEDADE DE REGISTROS DO BLOCO 1','1010',0,'br.com.opensig.fiscal.server.sped.bloco1.Registro1010',149,2),(180,1,0,'9','ENCERRAMENTO DO ARQUIVO DIGITAL','9999',1,'br.com.opensig.fiscal.server.sped.bloco9.Registro9999',180,0);
/*!40000 ALTER TABLE `fis_sped_bloco` ENABLE KEYS */;
UNLOCK TABLES;
/*!40103 SET TIME_ZONE=@OLD_TIME_ZONE */;

/*!40101 SET SQL_MODE=@OLD_SQL_MODE */;
/*!40014 SET FOREIGN_KEY_CHECKS=@OLD_FOREIGN_KEY_CHECKS */;
/*!40014 SET UNIQUE_CHECKS=@OLD_UNIQUE_CHECKS */;
/*!40101 SET CHARACTER_SET_CLIENT=@OLD_CHARACTER_SET_CLIENT */;
/*!40101 SET CHARACTER_SET_RESULTS=@OLD_CHARACTER_SET_RESULTS */;
/*!40101 SET COLLATION_CONNECTION=@OLD_COLLATION_CONNECTION */;
/*!40111 SET SQL_NOTES=@OLD_SQL_NOTES */;

-- Dump completed on 2012-02-16 14:43:13
