/* ENTIDADES*/;INSERT INTO `emp_entidade`(`emp_entidade_id`,`emp_entidade_pessoa`,`emp_entidade_nome1`,`emp_entidade_nome2`,`emp_entidade_documento1`,`emp_entidade_documento2`,`emp_entidade_ativo`,`emp_entidade_observacao`)VALUES(1,'JURÍDICA','EMPRESA PADRAO','EMPRESA','00.000.000/0000-00','ISENTO',1,'');INSERT INTO `emp_entidade`(`emp_entidade_id`,`emp_entidade_pessoa`,`emp_entidade_nome1`,`emp_entidade_nome2`,`emp_entidade_documento1`,`emp_entidade_documento2`,`emp_entidade_ativo`,`emp_entidade_observacao`)VALUES(2,'JURÍDICA','FORNECEDOR PADRAO','FORNECEDOR','00.000.000/0000-00','ISENTO',1,'');INSERT INTO `emp_entidade`(`emp_entidade_id`,`emp_entidade_pessoa`,`emp_entidade_nome1`,`emp_entidade_nome2`,`emp_entidade_documento1`,`emp_entidade_documento2`,`emp_entidade_ativo`,`emp_entidade_observacao`)VALUES(3,'JURÍDICA','TRANSPORTADORA PADRAO','TRANSPORTADORA','00.000.000/0000-00','ISENTO',1,'');INSERT INTO `emp_entidade`(`emp_entidade_id`,`emp_entidade_pessoa`,`emp_entidade_nome1`,`emp_entidade_nome2`,`emp_entidade_documento1`,`emp_entidade_documento2`,`emp_entidade_ativo`,`emp_entidade_observacao`)VALUES(4,'FÍSICA','CLIENTE PADRAO','CLIENTE','000.000.000-00','00.000.000-0',1,'');INSERT INTO `emp_entidade`(`emp_entidade_id`,`emp_entidade_pessoa`,`emp_entidade_nome1`,`emp_entidade_nome2`,`emp_entidade_documento1`,`emp_entidade_documento2`,`emp_entidade_ativo`,`emp_entidade_observacao`)VALUES(5,'FÍSICA','FUNCIONARIO PADRAO','FUNCIONARIO','000.000.000-00','00.000.000-0',1,'');/* CONTATOS*/;INSERT INTO `emp_contato_tipo`(`emp_contato_tipo_id`,`emp_contato_tipo_descricao`)VALUES(1,'TELEFONE');INSERT INTO `emp_contato_tipo`(`emp_contato_tipo_id`,`emp_contato_tipo_descricao`)VALUES(2,'E-MAIL');INSERT INTO `emp_contato`(`emp_contato_id`,`emp_entidade_id`,`emp_contato_tipo_id`,`emp_contato_descricao`,`emp_contato_pessoa`)VALUES(1,1,1,'(00) 0000-0000','');INSERT INTO `emp_contato`(`emp_contato_id`,`emp_entidade_id`,`emp_contato_tipo_id`,`emp_contato_descricao`,`emp_contato_pessoa`)VALUES(2,1,2,'SEU@EMAIL.COM','SUPORTE');INSERT INTO `emp_contato`(`emp_contato_id`,`emp_entidade_id`,`emp_contato_tipo_id`,`emp_contato_descricao`,`emp_contato_pessoa`)VALUES(3,2,1,'(00) 0000-0000','');INSERT INTO `emp_contato`(`emp_contato_id`,`emp_entidade_id`,`emp_contato_tipo_id`,`emp_contato_descricao`,`emp_contato_pessoa`)VALUES(4,2,2,'SUPORTE@PHDSS.COM.BR','SUPORTE');INSERT INTO `emp_contato`(`emp_contato_id`,`emp_entidade_id`,`emp_contato_tipo_id`,`emp_contato_descricao`,`emp_contato_pessoa`)VALUES(5,3,1,'(00) 0000-0000','');INSERT INTO `emp_contato`(`emp_contato_id`,`emp_entidade_id`,`emp_contato_tipo_id`,`emp_contato_descricao`,`emp_contato_pessoa`)VALUES(6,3,2,'SUPORTE@PHDSS.COM.BR','SUPORTE');INSERT INTO `emp_contato`(`emp_contato_id`,`emp_entidade_id`,`emp_contato_tipo_id`,`emp_contato_descricao`,`emp_contato_pessoa`)VALUES(7,4,1,'(00) 0000-0000','');INSERT INTO `emp_contato`(`emp_contato_id`,`emp_entidade_id`,`emp_contato_tipo_id`,`emp_contato_descricao`,`emp_contato_pessoa`)VALUES(8,4,2,'SUPORTE@PHDSS.COM.BR','SUPORTE');INSERT INTO `emp_contato`(`emp_contato_id`,`emp_entidade_id`,`emp_contato_tipo_id`,`emp_contato_descricao`,`emp_contato_pessoa`)VALUES(9,5,1,'(00) 0000-0000','');INSERT INTO `emp_contato`(`emp_contato_id`,`emp_entidade_id`,`emp_contato_tipo_id`,`emp_contato_descricao`,`emp_contato_pessoa`)VALUES(10,5,2,'SUPORTE@PHDSS.COM.BR','SUPORTE');/* ENDERECOS*/;INSERT INTO `emp_endereco_tipo`(`emp_endereco_tipo_id`,`emp_endereco_tipo_descricao`)VALUES(1,'COMERCIAL');INSERT INTO `emp_endereco_tipo`(`emp_endereco_tipo_id`,`emp_endereco_tipo_descricao`)VALUES(2,'RESIDENCIAL');INSERT INTO `emp_endereco`(`emp_endereco_id`,`emp_entidade_id`,`emp_endereco_tipo_id`,`emp_municipio_id`,`emp_endereco_logradouro`,`emp_endereco_numero`,`emp_endereco_complemento`,`emp_endereco_bairro`,`emp_endereco_cep`)VALUES(1,1,1,1695,'RUA PADRAO',0,'','BAIRRO PADRAO','00000-000');INSERT INTO `emp_endereco`(`emp_endereco_id`,`emp_entidade_id`,`emp_endereco_tipo_id`,`emp_municipio_id`,`emp_endereco_logradouro`,`emp_endereco_numero`,`emp_endereco_complemento`,`emp_endereco_bairro`,`emp_endereco_cep`)VALUES(2,2,1,1695,'RUA PADRAO',0,'','BAIRRO PADRAO','00000-000');INSERT INTO `emp_endereco`(`emp_endereco_id`,`emp_entidade_id`,`emp_endereco_tipo_id`,`emp_municipio_id`,`emp_endereco_logradouro`,`emp_endereco_numero`,`emp_endereco_complemento`,`emp_endereco_bairro`,`emp_endereco_cep`)VALUES(3,3,1,1695,'RUA PADRAO',0,'','BAIRRO PADRAO','00000-000');INSERT INTO `emp_endereco`(`emp_endereco_id`,`emp_entidade_id`,`emp_endereco_tipo_id`,`emp_municipio_id`,`emp_endereco_logradouro`,`emp_endereco_numero`,`emp_endereco_complemento`,`emp_endereco_bairro`,`emp_endereco_cep`)VALUES(4,4,2,1695,'RUA PADRAO',0,'','BAIRRO PADRAO','00000-000');INSERT INTO `emp_endereco`(`emp_endereco_id`,`emp_entidade_id`,`emp_endereco_tipo_id`,`emp_municipio_id`,`emp_endereco_logradouro`,`emp_endereco_numero`,`emp_endereco_complemento`,`emp_endereco_bairro`,`emp_endereco_cep`)VALUES(5,5,2,1695,'RUA PADRAO',0,'','BAIRRO PADRAO','00000-000');/* VINCULANDO*/;INSERT INTO `emp_empresa`(`emp_empresa_id`,`emp_entidade_id`)VALUES(1,1);INSERT INTO `emp_plano`(`emp_plano_id`,`emp_empresa_id`,`emp_plano_inicio`,`emp_plano_fim`,`emp_plano_limite`,`emp_plano_excedente`)VALUES(1,1,CURRENT_DATE(),NULL,0,1);INSERT INTO `emp_fornecedor`(`emp_fornecedor_id`,`emp_entidade_id`)VALUES(1,2);INSERT INTO `emp_transportadora`(`emp_transportadora_id`,`emp_entidade_id`)VALUES(1,3);INSERT INTO `emp_cliente`(`emp_cliente_id`,`emp_entidade_id`)VALUES(1,4);INSERT INTO `emp_funcionario`(`emp_funcionario_id`,`emp_entidade_id`,`emp_empresa_id`)VALUES(1,5,1);/* PERMISSAO*/;INSERT INTO `sis_usuario`(`sis_usuario_id`,`sis_usuario_login`,`sis_usuario_senha`,`sis_usuario_desconto`,`sis_usuario_ativo`,`sis_usuario_sistema`,`sis_usuario_email`)VALUES(1,'ADMIN',SHA1('opensig'),100,1,1,'SEU@EMAIL.COM');INSERT INTO `sis_grupo`(`sis_grupo_id`,`emp_empresa_id`,`sis_grupo_nome`,`sis_grupo_descricao`,`sis_grupo_desconto`,`sis_grupo_ativo`,`sis_grupo_sistema`)VALUES(1,1,'TODOS','TODOS OS USUARIOS DA EMPRESA',0,1,1);INSERT INTO `sis_grupo_usuario`(`sis_grupo_id`,`sis_usuario_id`)VALUES(1,1);INSERT INTO `sis_usuario_empresa`(`sis_usuario_id`,`emp_empresa_id`)VALUES(1,1);INSERT INTO `sis_permissao`(`sis_permissao_id`,`sis_usuario_id`,`sis_grupo_id`,`sis_modulo_id`,`sis_funcao_id`,`sis_acao_id`,`sis_executar`)VALUES(1,1,NULL,-1,-1,-1,1);INSERT INTO `sis_configuracao` VALUES (1,1,'NFE.TIPOAMB','2','1-PRODUÇÃO/ 2-HOMOLOGAÇÃO',true,false),(2,1,'NFE.TIPOIMP','1','1-RETRATO / 2-PAISAGEM',true,false),(3,1,'NFE.TIPOEMI','1','1 - NORMAL; 2 - CONTINGÊNCIA FS; 3 - CONTINGÊNCIA SCAN;4 - CONTINGÊNCIA DPEC ;5 - CONTINGÊNCIA FS-DA',true,false),(4,1,'NFE.TIPOOPER','1','0 - ENTRADA / 1 - SAÍDA',true,false),(5,1,'NFE.FINALIDADE','1','1- NF-E NORMAL; 2-NF-E COMPLEMENTAR; 3 - NF-E DE AJUSTE',true,false),(6,1,'NFE.SERIE','1','INFORMAR A SÉRIE DO DOCUMENTO FISCAL, INFORMAR 0 (ZERO) PARA SÉRIE ÚNICA. A EMISSÃO NORMAL PODE UTILIZAR SÉRIE DE 0-889, A EMISSÃO EM CONTINGÊNCIA SCAN DEVE UTILIZAR SÉRIE 900-999.',true,false),(7,1,'NFE.INFO','Para baixar a NFe, entre no link http://opensig.com.br/recuperar.jsp','INFORMACOES ADICIONAIS COLOCADAS NO RODAPE NA NFE',true,false),(8,1,'NFE.PIS','0.65','A PORCENTAGEM DE PIS PAGA PELA EMPRESA NA NFE',true,false),(9,1,'NFE.COFINS','3.00','A PORCENTAGEM DE COFINS PAGA PELA EMPRESA NA NFE',true,false),(10,1,'NFE.MODOCALC','3','INFORMAR A MODALIDADE DE DETERMINAÇÃO DA BC DO ICMS: 0 - MARGEM VALOR AGREGADO (%); 1 - PAUTA (VALOR); 2 - PREÇO TABELADO MÁXIMO (VALOR); 3 - VALOR DA OPERAÇÃO.',true,false),(11,1,'NFE.MODOCALCST','0','INFORMAR A MODALIDADE DE DETERMINAÇÃO DA BC DO ICMS ST: 0 – PREÇO TABELADO OU MÁXIMO SUGERIDO; 1 - LISTA NEGATIVA (VALOR); 2 - LISTA POSITIVA (VALOR); 3 - LISTA NEUTRA (VALOR); 4 - MARGEM VALOR AGREGADO (%); 5 - PAUTA (VALOR).',true,false),(12,1,'BOLETO.LOCAL1','ATE O VENCIMENTO, QUALQUER BANCO.','1º LINHA DO LOCAL PARA PAGAMENTO DO BOLETO',true,false),(13,1,'BOLETO.LOCAL2','APOS O VENCIMENTO, NO BANCO DO BRASIL.','2º LINHA DO LOCAL PARA PAGAMENTO DO BOLETO',true,false),(14,1,'BOLETO.INSTRUCAO1','-','1º LINHA DE INSTRUCAO PARA O BOLETO COM MAXIMO DE 40 LETRAS',true,false),(15,1,'BOLETO.INSTRUCAO2','COBRAR JUROS DE R$ 5,00 AO DIA APOS VENCIMENTO.','2º LINHA DE INSTRUCAO PARA O BOLETO COM MAXIMO DE 40 LETRAS',true,false),(16,1,'BOLETO.INSTRUCAO3','PROTESTO APOS 3 DIAS UTIES.','3º LINHA DE INSTRUCAO PARA O BOLETO COM MAXIMO DE 40 LETRAS',true,false),(17,1,'BOLETO.INSTRUCAO4','-','4º LINHA DE INSTRUCAO PARA O BOLETO COM MAXIMO DE 40 LETRAS',true,false),(18,1,'BOLETO.INSTRUCAO5','-','5º LINHA DE INSTRUCAO PARA O BOLETO COM MAXIMO DE 40 LETRAS',true,false),(19,1,'NFE.IPI','0.00','A PORCENTAGEM DE IPI PAGA PELA EMPRESA NA NFE',true,false),(20,1,'NFE.IPI_ENQ','999','CODIGO DE ENQUADRAMENTO DO IPI PELA EMPRESA.',true,false),(21,1,'ESTOQUE.ATIVO','SIM','INFORMA SE OS SISTEMA TERÁ CONTROLE DE ESTOQUE, OPCOES [SIM OU NAO].',true,false),(22,1,'CONTA.PADRAO','1','O ID DA CONTA PADRAO USADA NO FINANCEIRO.',true,false),(23,1,'NFE.CSON','0.00','PORCENTAGEM USADA NO ICMS PARA EMPRESAS OPTANTES PELO SIMPELS NACIONAL.',true,false),(24,1,'NFE.CRT','1','CODIGO DE REGIME TRIBUTARIO',true,false),(25,1,'br.com.opensig.empresa.shared.modelo.EmpEmpresa','1','Limite maximo de registros.',true,true),(26,1,'br.com.opensig.permissao.shared.modelo.SisUsuario','5','Limite maximo de registros.',true,true);/* PRODUTO*/;INSERT INTO `prod_categoria`(`prod_categoria_id`,`prod_categoria_descricao`)VALUES(1,'PADRAO');INSERT INTO `prod_embalagem`(`prod_embalagem_id`,`prod_embalagem_nome`,`prod_embalagem_descricao`,`prod_embalagem_unidade`)VALUES(1,'UND','MENOR MEDIDA DE EMBALAGEM',1);INSERT INTO `prod_produto`(`prod_produto_id`,`emp_fornecedor_id`,`emp_fabricante_id`,`prod_tributacao_id`,`prod_embalagem_id`,`prod_origem_id`,`prod_produto_ncm`,`prod_produto_barra`,`prod_produto_descricao`,`prod_produto_referencia`,`prod_produto_custo`,`prod_produto_preco`,`prod_produto_categoria`,`prod_produto_volume`,`prod_produto_cadastrado`,`prod_produto_alterado`,`prod_produto_ativo`,`prod_produto_incentivo`,`prod_produto_sinc`)VALUES(1,1,1,1,1,1,'32131000',7897731170064,'PRODUTO PADRAO','0001',1.00,2.00,'PADRAO',1,CURRENT_DATE(),NULL,1,0,0);INSERT INTO `prod_estoque`(`prod_estoque_id`,`emp_empresa_id`,`prod_produto_id`,`prod_estoque_quantidade`)VALUES(1,1,1,100);/* FINANCEIRO*/;INSERT INTO `fin_categoria`(`fin_categoria_id`,`fin_categoria_descricao`)VALUES(1,'PADRAO');INSERT INTO `fin_categoria`(`fin_categoria_id`,`fin_categoria_descricao`)VALUES(2,'VENDAS');INSERT INTO `fin_categoria`(`fin_categoria_id`,`fin_categoria_descricao`)VALUES(3,'COMPRAS');INSERT INTO `fin_categoria`(`fin_categoria_id`,`fin_categoria_descricao`)VALUES(4,'FRETE');INSERT INTO `fin_categoria`(`fin_categoria_id`,`fin_categoria_descricao`)VALUES(5,'ECF');INSERT INTO `fin_conta`(`fin_conta_id`,`fin_banco_id`,`emp_empresa_id`,`fin_conta_nome`,`fin_conta_numero`,`fin_conta_agencia`,`fin_conta_carteira`,`fin_conta_convenio`,`fin_conta_saldo`)VALUES(1,1,1,'BB','00000-0','0000-0','','',0.00);/* Comercial */INSERT INTO `com_natureza` VALUES (1,1,'VENDA','VENDA DE MERCADORIAS',5102,5403,0,0,0,0);INSERT INTO `com_valor_produto` VALUES (1,1,NULL,NULL,10,50,'BRUTO * 1.ICMS * 1.IPI * 1.DESPESA * 1.MARKUP');